{"cameraMode":{"drawMode":0,"name":"Shaded","section":"Shading Mode"},"sceneLighting":true,"audioPlay":false,"sceneViewState":{"m_AlwaysRefresh":false,"showFog":true,"showSkybox":true,"showFlares":true,"showImageEffects":true,"showParticleSystems":true,"showVisualEffectGraphs":true,"m_FxEnabled":true},"in2DMode":false,"pivot":{"x":-0.039523646235466,"y":-0.04067039489746094,"z":-0.6227757334709168},"rotation":{"x":0.06761395931243897,"y":-0.5378924608230591,"z":0.04333987459540367,"w":0.8391862511634827},"size":1.2013026475906373,"orthographic":true}